code,eia_name,eia_1980,eia_1981,eia_1982,eia_1983,eia_1984,eia_1985,eia_1986,eia_1987,eia_1988,eia_1989,eia_1990,eia_1991,eia_1992,eia_1993,eia_1994,eia_1995,eia_1996,eia_1997,eia_1998,eia_1999,eia_2000,eia_2001,eia_2002,eia_2003,eia_2004,eia_2005
CAN,Canada,367.913,380.33399999999995,378.518,397.445,427.076,448.07300000000004,457.59400000000005,484.31,491.328,485.46,468.68655,494.30125,505.59815,518.1187,539.7994000000001,544.1680500000001,557.2649,557.5837999999999,545.6559,562.654,587.872,571.7860000000001,583.339,572.184,582.164,609.6
MEX,Mexico,63.604,73.25099999999999,80.351,82.027,86.726,93.132,96.90899999999999,104.599,109.86099999999999,117.72900000000001,116.5738,120.48125,123.8298,129.359462,139.6508,144.9137,154.4833,166.12419,172.27544999999998,182.53105,193.91385,198.61645,204.154,205.97889999999998,212.07215000000002,222.4
USA,United States,2289.600789,2297.973836,2244.37224,2313.4455660000003,2419.4658190000005,2473.0023949999995,2490.470889,2575.287284,2707.4111300000004,2967.305527,3041.4960199999996,3078.3403230000004,3088.058783,3201.226674,3250.900211,3356.21249,3447.2756990000003,3496.212188,3624.762778,3700.9067090000003,3807.643903,3745.467098,3867.1951799999997,3891.7202700000003,3979.043474,4061.980176
ARG,Argentina,41.849000000000004,40.475,41.09,41.684,44.013,45.503,54.062,58.34700000000001,56.34,50.57299999999999,48.287000000000006,52.15,58.665,65.375,60.05,64.917,66.84700000000001,69.79899999999999,71.46400000000001,77.37299999999999,85.269,86.498,81.149,88.175,95.70400000000001,101.059381
BOL,Bolivia,1.568,1.655,1.658,1.6669999999999998,1.519,1.5119999999999998,1.5179999999999998,1.532,1.881,1.996,2.124,2.3440000000000003,2.339,2.412,2.724,2.901,3.117,3.347,3.536,3.755,3.814,3.843,4.0489999999999995,4.143,4.276999999999999,5.041
BRA,Brazil,138.28236,140.13032,150.00449999999998,160.41732000000002,178.06532,190.63702,199.20873999999998,200.4097,211.745,218.4597,219.62128,231.20768,238.40394000000003,248.613142,256.573272,271.78721,287.08655,303.48155,317.08331,329.3233,342.45059999999995,323.03880000000004,340.0729999999999,358.60699999999997,380.9372,396.36400000000003
CHL,Chile,11.852,12.083,12.001000000000001,12.601,13.439000000000002,14.004000000000001,14.873999999999999,15.562999999999999,16.783,17.527,19.581,18.191000000000003,20.321,21.296,22.788,27.343,29.89,32.251000000000005,34.185,36.358,39.786,42.387,43.117,47.033,49.863,48.156
COL,Colombia,19.663,19.968,25.872,26.729,29.311999999999998,29.642,32.983999999999995,30.637,32.998000000000005,34.377,35.603,36.317,32.713,37.467,40.717,42.611000000000004,43.708,44.938,44.74,43.191,42.92400000000001,42.451,44.231,46.071,49.234,50.474
CUB,Cuba,10.236,10.802,11.33,11.857999999999999,12.592,12.508000000000001,13.477,13.888,14.883000000000001,15.508000000000001,14.146,12.11,10.860999999999999,10.355,11.256,11.72,12.454,13.312,13.309,13.636000000000001,14.142,14.393999999999998,14.771,14.969000000000001,14.724,14.646999999999998
DOM,Dominican Republic,3.211,3.647,3.28,3.483,4.134,4.2669999999999995,4.654,4.526,4.295,3.2859999999999996,3.496,3.689,3.957,5.186999999999999,4.803999999999999,5.179,6.261,6.835999999999999,7.268,8.562,8.064,9.717,10.863000000000001,12.757,13.014,12.218
ECU,Ecuador,3.186,3.535,3.904,4.117,4.1129999999999995,4.706,5.196999999999999,5.257,5.504,5.636,6.215,6.807,7.001,7.25,8.008,8.181000000000001,9.097,10.067,10.562000000000001,10.048,10.356,10.74,11.551,11.212389,12.200338,12.943
GTM,Guatemala,1.87,1.634,1.609,1.613,1.58,1.6440000000000001,1.858,1.998,2.198,2.367,2.629,2.834,2.862,2.9859999999999998,3.18,3.2969999999999997,3.5839999999999996,4.009,4.276,4.9879999999999995,5.808,5.61,6.195,6.3,6.72,7.281000000000001
HTI,Haiti,0.318,0.328,0.41800000000000004,0.44,0.468,0.515,0.5670000000000001,0.5720000000000001,0.595,0.595,0.636,0.6080000000000001,0.544,0.486,0.41600000000000004,0.53,0.624,0.5529999999999999,0.639,0.54,0.528,0.5720000000000001,0.527,0.515,0.527,0.535
HND,Honduras,0.899,0.978,1.037,1.0659999999999998,1.04,1.045,1.427,1.291,1.9040000000000001,2.004,2.254,2.286,2.358,2.45,2.114,2.266,2.985,3.052,3.306,3.096,3.552,3.8009999999999997,4.038,4.367000000000001,4.703,5.339
PER,Peru,9.959439999999999,10.6864,11.35806,10.69922,11.62904,12.16208,12.965539999999999,13.94652,13.4339,13.47786,13.183,13.883999999999999,12.828999999999999,14.5,14.491,16.432,16.932000000000002,17.526000000000003,18.154,18.626,19.529,20.414,21.568,22.478,24.218000000000004,24.972
VEN,Venezuela,32.012,35.957,38.274,41.801,42.645,46.22,48.363,52.427,56.46,55.896,57.605999999999995,61.752,65.744,67.57900000000001,69.498,71.598,73.745,76.245,78.947,78.777,83.24,87.733,86.646,89.365,96.07,99.20400000000001
BEL,Belgium,50.754000000000005,47.761,47.474000000000004,49.305,51.112,53.43,54.912000000000006,59.474000000000004,61.677,63.913999999999994,66.52399999999999,67.363,67.586,66.306,67.49255000000001,69.547,71.08699999999999,73.69054999999999,77.64111000000001,78.88300000000001,78.324,74.404,76.59100000000001,79.0526,79.80199999999999,80.83699999999999
CZE,Czech Republic,,,,,,,,,,,,,,55.60235,55.47385,57.56385,60.306,61.27639,61.516,60.535,68.7684,70.037,71.7549,78.1778,79.1335,77.38
FRA,France,250.805,262.24,264.84799999999996,280.634,306.923,325.04,342.481,356.693,371.389,385.012,397.58099999999996,430.07595000000003,439.3997499999999,448.564,453.81700000000006,469.0135,485.08,478.201,483.947,496.256,511.81699999999995,520.955,528.036,535.458,542.0029999999999,543.575
DEU,Germany,,,,,,,,,,,,506.52349999999996,504.62989999999996,494.13375,496.46065000000004,503.932,520.78345,518.68943,522.8520000000001,520.1426,536.073,549.991,535.967,562.859,576.534,579.3829999999999
GRC,Greece,21.288,21.879,21.762999999999998,22.262999999999998,23.057,25.735999999999997,26.014000000000003,27.674,29.745,31.371000000000002,32.776999999999994,33.752,35.1016,35.963649999999994,38.08815,38.999300000000005,40.0851,40.88938,43.5975,46.664,50.41,50.006,50.856,54.687949999999994,55.532000000000004,56.128
ITA,Italy,176.371,170.947,174.12,171.578,171.121,173.308,179.692,188.743,174.78199999999998,196.57299999999998,202.0576,207.4625,212.45685,208.67460000000003,217.29005,225.05330000000004,227.1841,233.86847,240.55995,246.0413,256.04055,258.01265,262.96155,268.20045,277.58410000000003,278.54769999999996
NLD,Netherlands,62.943000000000005,62.211,57.745,57.108000000000004,60.288999999999994,59.598,63.655,64.998,66.242,69.536,67.70095,69.96695,72.52795,72.300653,74.888,76.18625,80.11635,80.46997999999999,84.7702,80.67385,84.36219999999999,88.2453,90.3958,91.05839999999999,94.7402,94.3442
POL,Poland,113.765,107.34599999999999,109.567,117.25800000000001,125.418,128.127,130.35399999999998,135.224,133.812,135.022,126.665,125.25099999999999,123.322,124.294,125.71900000000001,129.25695,133.20122,133.14489999999998,133.0028,131.7138,134.69400000000002,135.222,134.072,141.101,143.5129,146.168
PRT,Portugal,14.973000000000003,13.55,15.115,17.767,18.852,18.598,19.898000000000003,19.867,20.924,24.981,27.1187,28.414649999999998,28.121499999999997,29.583199999999998,29.99945,31.593049999999998,33.1079,32.756449999999994,37.23895,40.7438,41.35395,44.119949999999996,43.32300000000001,44.54,42.6578,43.692
ROU,Romania,63.867,66.355,65.169,66.543,67.861,68.101,71.477,70.183,71.479,71.92800000000001,60.596,53.789,51.529,52.787000000000006,52.480999999999995,56.548,58.062999999999995,54.648215,51.141000000000005,48.506,49.653,51.298,52.182,52.423,53.991,56.913
ESP,Spain,109.18,110.09700000000001,113.62799999999999,115.559,118.233,125.505,127.916,128.33,130.31099999999998,140.299,143.922,147.4469,148.7684,147.8688,153.17575,157.41675,165.5512,180.14425,184.12824999999998,195.30780000000001,211.07209999999998,221.99079999999998,229.01590000000002,245.23825,260.201,270.332
SWE,Sweden,94.342,100.675,97.387,107.357,121.62199999999999,134.327,135.86599999999999,143.704,142.687,141.243,141.54600000000002,142.08700000000002,141.53199999999998,140.901,137.83400000000003,143.52405000000002,135.5154,144.585,153.964,150.177,141.066,156.61795,141.43859999999998,130.661,146.44099999999997,153.188
TUR,Turkey,23.322000000000003,23.803,26.44,27.356,30.721,34.369,36.398,39.965,46.3,45.879000000000005,55.249,57.765950000000004,64.6315,71.0781,75.15205,82.8527,91.19579999999999,99.09269,106.47521,111.19094999999999,118.97319999999999,116.56599999999999,123.324,133.916,143.96235,154.219
GBR,United Kingdom,265.139,258.95,254.029,257.545,262.24699999999996,275.22,279.82800000000003,284.196,289.082,295.244,298.951,302.244,300.14099999999996,300.474,302.83299999999997,308.24045,329.19599999999997,327.371,340.84700000000004,344.60195,353.07095,360.5509,363.054,372.89575,367.94800000000004,372.594
AZE,Azerbaijan,,,,,,,,,,,,,18.58,18.074,16.609,16.1,16.14,15.912,17.015,17.162,17.654,17.896,18.472,20.131,20.483,20.096
KAZ,Kazakhstan,,,,,,,,,,,,,78.557,73.56,63.242999999999995,63.176,55.952999999999996,49.49,46.604,44.956,48.914,52.433,55.276,60.421,62.307,64.233
RUS,Russia,,,,,,,,,,,,,965.924,914.9159999999999,810.0169999999999,817.304,806.433,795.978,787.795,799.89,832.9769999999999,843.2710000000001,847.0559999999999,869.066,886.31,904.404
TJK,Tajikistan,,,,,,,,,,,,,16.609,17.532999999999998,16.798000000000002,14.612,14.841999999999999,13.85,14.265,15.621,14.088,14.222,15.131,16.325,16.323999999999998,16.894000000000002
UKR,Ukraine,,,,,,,,,,,,,238.57799999999997,217.219,191.79899999999998,183.37199999999999,173.447,168.412,163.166,162.12699999999998,160.13,163.263,163.87,170.18200000000002,172.715,175.37900000000002
UZB,Uzbekistan,,,,,,,,,,,,,48.17,46.568,45.289,44.907,43.02,43.579,43.433,42.866,44.323,44.949,46.669,46.754000000000005,48.295,45.151
IRN,Iran,21.256,23.653,27.333,31.336,35.252,35.316,34.9,35.955,44.258,45.789,55.86,60.631,64.979,71.947,77.47099999999999,76.105,81.25699999999999,87.718,93.40599999999999,102.248,112.802,121.015,131.415,142.85899999999998,155.71,170.37199999999999
IRQ,Iraq,10.736,10.313,12.869,15.258,17.307,19.765,20.989,22.835,25.801,27.196,20.72,19.020999999999997,23.817,24.752000000000002,26.348,27.288,27.464,27.816,28.566,27.971,30.017,30.346999999999998,31.857,26.662,30.381999999999998,31.985
ISR,Israel,11.731,12.278,12.947,13.703,14.014,14.434,14.96,16.374000000000002,18.191000000000003,19.226,19.643,20.224,23.207,24.446,26.625,28.566,30.519000000000002,32.994,35.687999999999995,36.865,40.391999999999996,41.208,42.643,44.221,46.18,46.851
JOR,Jordan,1.002,1.237,1.512,1.803,2.129,2.345,2.778,2.5380000000000003,2.505,3.2290005,3.4270009999999997,3.5010009999999996,4.159001,4.478001000000001,4.772,5.281,5.697000000000001,5.889,6.341,6.657,6.938,7.099,7.6419999999999995,7.511,8.426,9.074
SAU,Saudi Arabia,20.452,26.95,32.912,35.19,40.069,44.311,47.646,50.649,57.229,61.568,64.899,69.212,74.009,82.183,91.019,97.846,101.114,107.546,114.624,112.8,118.62,125.653,133.233,143.82,150.283,165.553
SYR,Syria,3.729,4.415,5.707,7.425,8.350999999999999,8.933,8.761,8.418,7.308,8.029,8.306000000000001,8.231,7.479,8.143,10.405,14.508,16.369,17.195,20.024,21.583000000000002,23.866,25.28,26.507,27.911,30.365,33.012
ARE,United Arab Emirates,5.897,5.815,8.349,9.533,10.215,11.454,12.046,12.839,13.95,14.675,16.056,16.189,16.412,16.523,17.738,23.483,24.978,26.756,31.388,34.899,37.547,40.582,43.791,46.568,49.272,57.058
YEM,Yemen,0.471,0.54,0.647,0.721,0.818,0.855,1.094,1.183,1.565,1.579,1.563,1.693,1.836,1.928,2.029,2.227,2.194,2.404,2.357,2.571,3.208,3.424,3.543,3.85,4.077,4.456
DZA,Algeria,6.683,7.65,8.824,9.615,10.537,11.568999999999999,12.214,13.014,14.08,14.449,15.145,16.319,17.198999999999998,18.267,18.703000000000003,18.09,19.124,19.739,21.448,23.282,23.89,25.031000000000002,25.992,27.81,29.386000000000003,31.907
AGO,Angola,0.905,0.906,0.995,1.028,1.028,1.028,1.088,1.097,1.097,1.104,1.169,1.166,1.283,1.332,1.342,1.347,1.377,1.331,1.52,1.3,1.404,1.5909999999999997,1.7169999999999999,1.9380000000000002,2.183,2.585
BEN,Benin,0.005,0.005,0.005,0.005,0.005,0.005,0.005,0.005,0.005,0.005,0.019,0.022,0.023,0.024,0.048,0.029,0.0487,0.0517,0.0597,0.0677,0.079,0.062,0.059000000000000004,0.075,0.076,0.105
BFA,Burkina Faso,0.098,0.108,0.115,0.117,0.113,0.115,0.122,0.133,0.143,0.153,0.17400000000000002,0.18200000000000002,0.19,0.205,0.20600000000000002,0.232,0.263,0.28200000000000003,0.312,0.367,0.318,0.327,0.36492,0.444662,0.47324900000000003,0.516225
BDI,Burundi,0.003,0.004,0.004,0.025,0.041,0.047,0.062,0.095,0.104,0.103,0.109,0.112,0.106,0.11,0.116,0.11900000000000001,0.11800000000000001,0.121,0.111,0.099,0.1,0.116,0.128,0.131,0.134,0.137
CMR,Cameroon,1.4320000000000002,1.883,2.13,2.096,2.191,2.381,2.355,2.362,2.553,2.6679999999999997,2.675,2.71,2.695,2.699,2.738,2.811,2.928,3.095,3.134,3.34,3.444,3.5020000000000002,3.261,3.64,4.06,4.09
TCD,Chad,0.044,0.048,0.049,0.048,0.049,0.051,0.065,0.079,0.076,0.077,0.085,0.082,0.079,0.081,0.08,0.084,0.085,0.085,0.086,0.086,0.086,0.092,0.092,0.093,0.094,0.095
COD,Congo (Kinshasa),4.388,4.293,4.224,4.561,4.776,5.11,5.342,5.327,5.3309999999999995,5.8660000000000005,5.593,5.227,6.011,5.489,5.258,6.114000000000001,6.047000000000001,4.992,4.68,5.266,5.957,5.838,6.042,6.380999999999999,6.7829999999999995,7.341
CIV,Cote d'Ivoire (IvoryCoast),1.713,1.875,1.919,1.9929999999999999,1.558,1.965,2.017,2.3689999999999998,2.233,2.444,2.221,1.8119999999999998,1.666,2.123,2.3970000000000002,2.9619999999999997,3.127,3.8470000000000004,3.831,4.627,4.6,4.682,5.063,4.8740000000000006,5.167,5.305
EGY,Egypt,18.256,20.497999999999998,19.939,22.487000000000002,29.316000000000003,32.3,33.484,36.744,35.400999999999996,37.695,41.408,42.56,43.495999999999995,47.751,50.06,52.681,51.755,55.522000000000006,59.799,65.174,72.134,76.644,85.618,90.066,95.885,102.453
ETH,Ethiopia,0.675,0.704,0.7789999999999999,0.8390000000000001,0.8890000000000001,0.9460000000000001,1.005,1.1580000000000001,1.232,1.279,1.265,1.278,1.2810000000000001,1.5059999999999998,1.492,1.507,1.583,1.626,1.634,1.6317,1.6709999999999998,1.9929999999999999,2.01995,2.29595,2.534,2.864
GHA,Ghana,5.309,5.382000000000001,4.981,2.61,1.899,3.077,4.4590000000000005,4.6819999999999995,4.8629999999999995,5.223,5.707,6.1160000000000005,6.575,6.249,6.059,6.053999999999999,6.585,6.816,4.525,5.828,7.116,7.718,7.11,5.74,5.941,6.648
GIN,Guinea,0.363,0.368,0.376,0.388,0.45699999999999996,0.46599999999999997,0.474,0.477,0.488,0.491,0.495,0.5,0.502,0.507,0.509,0.522,0.527,0.62,0.643,0.725,0.7430000000000001,0.77,0.772,0.775,0.775,0.765
KEN,Kenya,1.452,1.7169999999999999,1.7639999999999998,2.168,2.19,2.427,2.2560000000000002,2.398,2.79,2.85,3.04763,3.174,3.1639999999999997,3.3444920000000002,3.4810000000000003,3.8939999999999997,4.076,4.274,4.394,4.173,3.721,4.253,4.313,4.643,4.976,5.502
MDG,Madagascar,0.41700000000000004,0.42,0.431,0.45199999999999996,0.476,0.483,0.482,0.478,0.49,0.541,0.5740000000000001,0.5680000000000001,0.58,0.581,0.584,0.609,0.6639999999999999,0.695,0.75,0.777,0.78,0.785,0.78,0.885,0.966,1.046487179487179
MWI,Malawi,0.40700000000000003,0.4,0.425,0.459,0.47600000000000003,0.486,0.519,0.5720000000000001,0.577,0.58,0.71,0.757,0.783,0.786,0.8290000000000001,0.85,0.864,0.886,1.017,0.983,1.02,1.042,1.16,1.177,1.293,1.3971666666666667
MLI,Mali,0.10300000000000001,0.10300000000000001,0.127,0.147,0.164,0.167,0.198,0.215,0.23600000000000002,0.256,0.241,0.25,0.271,0.292,0.275,0.305,0.326,0.379,0.387,0.392,0.399,0.402,0.404,0.43400000000000005,0.44,0.44401999999999997
MAR,Morocco,4.921,5.4079999999999995,5.773,6.269,6.471,6.601999999999999,7.272,7.722,8.472999999999999,8.594,9.088,8.734,9.184000000000001,9.338,10.349,12.066,12.363999999999999,13.161999999999999,13.393,13.113,12.932,14.734,15.734000000000002,17.107,18.27,21.366999999999997
MOZ,Mozambique,13.56,3.48,3.121,5.18,0.6970000000000001,0.314,0.167,0.17099999999999999,0.21,0.22699999999999998,0.44100000000000006,0.459,0.40800000000000003,0.386,0.389,0.402,0.47,0.993,1.512,7.629,8.76,8.758000000000001,12.584000000000001,10.792,11.583,13.169
NER,Niger,0.122,0.136,0.122,0.14,0.128,0.144,0.146,0.148,0.15,0.153,0.155,0.158,0.161,0.163,0.165,0.165,0.166,0.219,0.22,0.222,0.224,0.226,0.228,0.23,0.232017543859649,0.234052785472453
NGA,Nigeria,6.867,7.44,8.14,8.283,8.573,9.929,11.395999999999999,10.753,11.155,12.251,12.029,13.613,14.247,13.913,14.877,13.889000000000001,14.367,14.697,14.73,15.431999999999999,14.131,14.837,18.953,19.352,20.704,22.526
RWA,Rwanda,0.117,0.107,0.136,0.154,0.164,0.165,0.153,0.168,0.171,0.175,0.169,0.167,0.17400000000000002,0.157,0.16,0.162,0.14400000000000002,0.164,0.164,0.131,0.113,0.09125,0.0996875,0.098,0.094,0.095
SEN,Senegal,0.595,0.63,0.636,0.611,0.651,0.708,0.711,0.625,0.566,0.655,0.858,0.881,0.96,0.948,0.979,1.021,1.086,1.168,1.23,1.267,1.389,1.554,1.698,1.837,1.9909999999999999,2.2230000000000003
SOM,Somalia,0.113,0.075,0.08,0.1,0.132,0.208,0.238,0.24,0.242,0.243,0.246,0.249,0.249,0.252,0.255,0.256,0.259,0.259,0.26,0.261,0.265,0.265,0.265,0.267,0.269015094339623,0.27
ZAF,South Africa,93.07300000000001,106.93900000000001,111.932,113.89,127.414,133.257,138.29399999999998,142.03,148.153,153.412,156.029,158.884,157.096,163.286,170.725,176.068,187.006,196.02100000000002,191.908,189.397,196.459,197.81900000000002,205.72600000000003,215.979,227.292,228.334
SDN,Sudan,0.9630000000000001,0.951,1.014,1.014,1.085,1.264,1.268,1.274,1.2810000000000001,1.29,1.472,1.6139999999999999,1.59,1.6390000000000002,1.803,1.8,1.9929999999999999,2.073,1.9009999999999998,2.338,2.362,2.4690000000000003,2.787,3.2110000000000003,3.702,3.944
TZA,Tanzania,1.208,1.2489999999999999,1.262,1.304,1.336,1.35,1.314,1.4089999999999998,1.435,1.595,1.692,1.873,1.79,1.847,1.676,1.808,1.959,1.66,2.407,2.3459999999999996,2.435,2.795,2.819,2.6260000000000003,2.447,1.88
TUN,Tunisia,2.621,2.83,2.975,3.5029999999999997,3.8129999999999997,3.962,3.952,4.281,4.622999999999999,4.793,5.205,5.404,5.812,5.936999999999999,6.314,6.872000000000001,7.457,8.004,8.562999999999999,9.405,9.964,10.714,11.135,11.675999999999998,12.293,12.848
UGA,Uganda,0.634,0.52,0.5630000000000001,0.517,0.616,0.632,0.644,0.614,0.585,0.682,0.766,0.7753,0.9823,0.9672,1.0065,1.0449,1.1176,1.251,1.2659999999999998,1.264,1.557,1.552,1.675,1.757,1.8929999999999998,1.9829999999999999
ZMB,Zambia,9.172,9.809000000000001,10.024000000000001,10.051,9.911999999999999,9.958,9.811,8.455,8.396,6.777,7.789,7.776,7.72,7.721,7.714,7.842,7.091,7.859,7.524,7.684,7.718,7.861,8.068000000000001,8.222,8.424,8.85
ZWE,Zimbabwe,4.465,4.476,4.097,4.387,4.502000000000001,4.992,5.955,7.718,8.023,8.749,9.254,8.953,7.651,7.359,6.2940000000000005,7.429,6.991,6.965999999999999,6.303999999999999,6.813,6.7379999999999995,7.582,8.263,8.539,9.411,9.95
AFG,Afghanistan,0.942,0.992,0.952,1.0,1.0190000000000001,1.034,1.135,1.218,1.08,1.089,1.098,0.9890000000000001,0.685,0.6769999999999999,0.669,0.608,0.5489999999999999,0.499,0.46,0.455,0.46699999999999997,0.386,0.687,0.812,0.762,0.754197802197802
AUS,Australia,87.71799999999999,93.253,97.144,98.391,104.08,111.016,116.742,122.453,131.199,139.245,146.361,148.602,151.08,155.002,158.64480000000003,164.07865,168.41331000000002,173.64565,185.6956,191.67600000000002,195.803,204.669,213.405,215.06799999999998,225.32099999999997,236.678
BGD,Bangladesh,2.665,3.0260000000000002,3.433,3.572,4.088,4.622,4.845,5.583,6.488,7.04,7.618,8.436,9.021,9.305,10.008000000000001,10.411999999999999,10.822999999999999,11.183,12.152,13.625,14.873,16.398,17.598,18.586,20.24,21.349
MMR,Burma,1.435,1.3519999999999999,1.502,1.6219999999999999,1.823,2.038,2.157,2.226,2.14,2.402,2.3890000000000002,2.5789999999999997,2.892,3.267,3.459,3.894,3.79,4.261,3.939,4.413,4.905,4.499,5.6240000000000006,5.953,6.244,5.806
KHM,Cambodia,0.096,0.128,0.13,0.101,0.096,0.106,0.115,0.125,0.135,0.143,0.153,0.158,0.166,0.172,0.179,0.186,0.21300000000000002,0.16,0.155,0.14,0.148,0.1,0.11699999999999999,0.13,0.11699999999999999,0.134
CHN,China,285.474,294.017,311.75800000000004,334.63599999999997,358.72,390.678,427.349,472.472,517.8489999999999,555.538,590.342,643.105,716.0229999999999,795.707,880.349,956.091,1005.3209999999999,1069.878,1103.195,1171.211,1300.366,1409.623,1570.39,1806.758,2079.748,2371.8340000000003
IND,India,119.26,131.12,139.41,144.987,161.739,174.93,191.89600000000002,208.235,229.432,255.104,275.493,300.30899999999997,315.969,339.33787699999993,366.099,396.015,412.588,441.065,470.651,504.34700000000004,529.1170000000001,548.0269820000001,565.277,600.526,631.777,661.6410000000001
IDN,Indonesia,12.786,15.362,17.661,18.281,20.088,26.396,30.27,32.034,36.555,36.974,43.015,45.916,48.713,43.573,49.763999999999996,56.840999999999994,63.915,73.028,75.85300000000001,81.694,87.632,96.19,102.273,106.684,113.5,120.325
JPN,Japan,549.107,548.91,553.4879999999999,587.051,619.431,639.6,645.607,697.0,728.805,766.152,817.2519,845.6703499999999,852.90865,861.7410999999998,916.7647499999999,942.1613,961.36893,991.60315,996.948,1001.32145,993.249,975.816,999.485,986.5361499999999,1014.736,1024.614
PRK,"Korea, North",22.198999999999998,22.825,24.857,25.069,28.048000000000002,30.977,32.61,33.298,35.06,35.295,38.474000000000004,35.295,27.218,26.326999999999998,26.352,26.278,24.125,21.864,20.806,17.999,18.746000000000002,19.518,19.122,20.325,21.281,22.194
KOR,"Korea, South",34.572,37.387,40.084,45.52,50.188,54.144,60.064,68.442,79.04599999999999,87.925,100.396,110.77,122.166,134.89342,171.39254000000003,189.82887999999997,211.40057,230.656137,225.9308,222.98115,249.14955,265.883,311.898,324.144,346.144,366.215
MYS,Malaysia,10.186,10.895,11.498999999999999,12.686,13.791,14.996,15.292,16.469,18.438,20.784,23.952,26.820999999999998,27.753,32.891999999999996,37.074,43.016,48.558,54.567,57.272999999999996,61.654,65.428,67.423,70.009,74.009,78.217,82.355
NPL,Nepal,0.212,0.245,0.237,0.342,0.36300000000000004,0.35900000000000004,0.456,0.5680000000000001,0.5810000000000001,0.56,0.902,0.93,0.86,0.909,0.9820000000000001,1.223,1.204,1.089,1.221,1.5090000000000001,1.679,1.8559999999999999,2.115,2.244,2.327,2.391
PAK,Pakistan,14.512,15.56,19.808,21.917,24.563000000000002,26.487000000000002,29.046,32.26,37.07599999999999,38.75,36.348,39.563,46.241,45.118241999999995,52.056,51.846582,52.256,57.855,59.941,62.492,63.4,68.859,72.443,77.483,81.143,89.82
PNG,Papua New Guinea,1.189,1.168,1.24,1.3679999999999999,1.416,1.474,1.5979999999999999,1.71,1.662,1.691,1.705,1.705,1.705,1.705,1.71,1.5230000000000001,1.702,1.564,2.085,1.883,2.1020000000000003,2.572,2.758,3.034,3.3440000000000003,3.69800425733207
PHL,Philippines,17.071,17.499,18.464,19.668999999999997,20.076999999999998,21.816,21.275,20.784,22.704,24.655,24.411,23.612000000000002,22.836,23.516,28.993,31.913,34.921,37.8,39.429,39.33,43.07899999999999,44.686,46.013000000000005,50.18299999999999,53.132,53.67399999999999
LKA,Sri Lanka,1.641,1.8370000000000002,2.049,2.0469999999999997,2.229,2.435,2.624,2.652,2.76,2.827,3.1189999999999998,3.33,3.171,3.93,4.327,4.736,4.42,5.009,5.538,6.021,6.445,6.285,6.536,7.32,7.7090000000000005,8.411
TWN,Taiwan,42.013,41.329,42.724000000000004,47.471999999999994,51.477000000000004,52.553000000000004,59.028000000000006,65.516,71.643,80.263,83.34,90.944,96.947,105.703,114.23400000000001,113.244,120.00399999999999,126.856,154.123,160.523,174.939,178.433,188.03900000000002,197.674,202.017,210.303
THA,Thailand,13.576,14.549,15.768,18.765,20.911,22.912,24.651000000000003,28.395,32.114,37.038,43.653,47.403999999999996,53.884,59.784,67.131,75.58399999999999,82.401,86.548,82.578,84.824,90.53479999999999,96.604,102.866,110.356,119.181,124.592
VNM,Vietnam,3.529,4.315,4.563,4.809,5.081,5.329,5.507,5.779,6.459,7.507,8.468,9.059000000000001,9.43,10.417,11.995,14.314,16.528,18.566,20.923000000000002,22.834,25.694,29.682,34.558,39.419,44.15,51.328
