entity,code,pop2024,steel_kt,steel_src,elec_twh,elec_src,pc_steel_kg,pc_elec_kwh,s_mature,s_late,s_mid,s_start,category
India,IND,1450935785.0,149400.0,worldsteel2024,2036.52,OWID2024,102.96803038736824,1403.5907178345594,0.6083177554270605,0.8110903405694139,2.433271021708242,4.866542043416484,工业化中期国家
China,CHN,1419321284.0,1005100.0,worldsteel2024,10086.88,OWID2024,708.1553777361659,7106.833465903271,3.5470968108162326,4.7294624144216435,14.18838724326493,28.37677448652986,成熟工业化国家
United States,USA,345426566.0,79500.0,worldsteel2024,4391.02,OWID2024,230.15021954043917,12711.876943477475,3.7533447847204666,5.004459712960622,15.013379138881866,30.026758277763733,后工业化国家
Indonesia,IDN,283487933.0,18600.0,worldsteel2024,371.54,OWID2024,65.61125831059624,1310.6025221891896,0.491678776323788,0.6555717017650506,1.966715105295152,3.933430210590304,工业化起步国家
Pakistan,PAK,251269160.0,4100.0,worldsteel2024,174.96,OWID2024,16.317163634407024,696.3051096282568,0.21486918649308173,0.2864922486574423,0.8594767459723269,1.7189534919446539,准备工业化国家
Nigeria,NGA,232679482.0,1200.0,worldsteel2024,37.56,OWID2024,5.157309057444094,161.42377349800014,0.053249216018110265,0.07099895469081369,0.21299686407244106,0.4259937281448821,准备工业化国家
Brazil,BRA,211998565.0,33900.0,worldsteel2024,745.72,OWID2024,159.90674276498052,3517.570979784698,1.2791596018586258,1.7055461358115012,5.116638407434503,10.233276814869006,工业化中期国家
Bangladesh,BGD,173562366.0,4500.0,worldsteel2024,101.74,OWID2024,25.927279650013528,586.1869847983058,0.2113649453246103,0.28181992709948034,0.8454597812984412,1.6909195625968825,准备工业化国家
Russia,RUS,144820421.0,71000.0,worldsteel2024,1209.31,OWID2024,490.2623505009698,8350.410747666589,3.3132585631690716,4.417678084225429,13.253034252676287,26.506068505352573,成熟工业化国家
Ethiopia,ETH,132059770.0,0.0,无产量(两源均无),25.2,OWID2024,0.0,190.82268581870164,0.047705671454675413,0.06360756193956721,0.19082268581870165,0.3816453716374033,准备工业化国家
Mexico,MEX,130861001.0,13800.0,worldsteel2024,355.18,OWID2024,105.45540607625338,2714.177618127803,0.9421829197225842,1.2562438929634456,3.7687316788903367,7.537463357780673,工业化中期国家
Japan,JPN,123753041.0,84000.0,worldsteel2024,1016.39,OWID2024,678.7711988427016,8213.050699901589,3.7501906720821507,5.000254229442868,15.000762688328603,30.001525376657206,后工业化国家
Egypt,EGY,116538256.0,10700.0,worldsteel2024,237.39,OWID2024,91.81534345253974,2037.0134936634026,0.7387917320472,0.9850556427296,2.9551669281888,5.9103338563776,工业化中期国家
Philippines,PHL,115843663.0,1800.0,worldsteel2024,124.17,OWID2024,15.538182697140714,1071.8756363910902,0.3068143658406243,0.40908582112083247,1.2272574633624973,2.4545149267249946,工业化起步国家
Democratic Republic of Congo,COD,109276264.0,30.0,BGS 2024 est,15.92,OWID2024,0.27453354371631883,145.68580053212654,0.03710778399232243,0.049477045323096575,0.14843113596928972,0.29686227193857945,准备工业化国家
Vietnam,VNM,100987685.0,22000.0,worldsteel2024,303.58,OWID2024,217.8483445778562,3006.1091112247996,1.2961481392508403,1.7281975190011205,5.184592557003361,10.369185114006722,工业化中期国家
Iran,IRN,91567737.0,31400.0,worldsteel2024,395.79,OWID2024,342.9155402191495,4322.373938322839,1.9378823351285837,2.583843113504778,7.751529340514335,15.50305868102867,工业化中后期国家
Turkey,TUR,87473800.0,36900.0,worldsteel2024,341.23,OWID2024,421.8405968415686,3900.939481307546,2.029836362430808,2.7064484832410773,8.119345449723232,16.238690899446464,成熟工业化国家
Germany,DEU,84552234.0,37300.0,worldsteel2024,495.99,OWID2024,441.1474213679558,5866.078003332236,2.569388054252949,3.4258507390039314,10.277552217011795,20.55510443402359,后工业化国家
Thailand,THA,71668010.0,4900.0,worldsteel2024,199.52,OWID2024,68.3708114680455,2783.9478171641713,0.8669139829611566,1.1558853106148754,3.4676559318446265,6.935311863689253,工业化中期国家
United Kingdom,GBR,69138185.0,4000.0,worldsteel2024,284.16,OWID2024,57.85514907572422,4110.0297903394485,1.1721453202741725,1.5628604270322302,4.68858128109669,9.37716256219338,后工业化国家
Tanzania,TZA,68560162.0,0.0,无产量(两源均无),8.84,OWID2024,0.0,128.93785169294085,0.032234462923235216,0.04297928389764695,0.12893785169294086,0.2578757033858817,准备工业化国家
France,FRA,66548532.0,10800.0,worldsteel2024,561.78,OWID2024,162.28757683189767,8441.658788205876,2.5161336391312132,3.354844852174951,10.064534556524853,20.129069113049706,后工业化国家
South Africa,ZAF,64007187.0,4700.0,worldsteel2024,247.52,OWID2024,73.42925412422827,3867.065740601911,1.1503395704610484,1.5337860939480645,4.601358281844194,9.202716563688387,工业化中期国家
Italy,ITA,59342870.0,20000.0,worldsteel2024,267.56,OWID2024,337.0244816268576,4508.713515204101,1.9697395828681692,2.626319443824226,7.878958331472677,15.757916662945354,后工业化国家
Kenya,KEN,56432946.0,1800.0,worldsteel2024,13.26,OWID2024,31.896261449827552,234.96912601372964,0.13848293512800128,0.18464391350400172,0.5539317405120051,1.1078634810240102,准备工业化国家
Myanmar,MMR,54500086.0,500.0,BGS 2024 est,21.71,OWID2024,9.174297449732464,398.3479952673836,0.12252274244117707,0.16336365658823607,0.4900909697647083,0.9801819395294166,准备工业化国家
Colombia,COL,52886360.0,1300.0,worldsteel2024,89.14,OWID2024,24.581007276734493,1685.5007604985483,0.4828277083164733,0.6437702777552977,1.9313108332658933,3.8626216665317865,工业化起步国家
South Korea,KOR,51717587.0,63600.0,worldsteel2024,625.38,OWID2024,1229.7557502054378,12092.211494708754,6.097442249190783,8.129922998921044,24.38976899676313,48.77953799352626,后工业化国家
Sudan,SDN,50448960.0,0.0,无产量(两源均无),14.77,OWID2024,0.0,292.77114929623923,0.0731927873240598,0.09759038309874642,0.2927711492962392,0.5855422985924784,准备工业化国家
Uganda,UGA,50015091.0,30.0,BGS 2024 est,5.81,OWID2024,0.5998189626406958,116.16493909808142,0.030540782181122092,0.04072104290816279,0.12216312872448837,0.24432625744897674,准备工业化国家
Spain,ESP,47910533.0,11900.0,worldsteel2024,280.94,OWID2024,248.37962040622673,5863.846265287844,2.0869106173375283,2.7825474897833704,8.347642469350113,16.695284938700226,后工业化国家
Algeria,DZA,46814302.0,4500.0,worldsteel2024,96.36,OWID2024,96.1244706799217,2058.34533215939,0.7548975097396519,1.0065300129862025,3.0195900389586074,6.039180077917215,工业化中期国家
Iraq,IRQ,46042015.0,3000.0,worldsteel2024,149.73,OWID2024,65.15787808157397,3252.029695051357,0.9759021189667743,1.3012028252890322,3.903608475867097,7.807216951734194,工业化中期国家
Argentina,ARG,45696153.0,3900.0,worldsteel2024,152.51,OWID2024,85.34635289758418,3337.4800719001446,1.0477359002189965,1.3969812002919955,4.190943600875986,8.381887201751972,工业化中期国家
Afghanistan,AFG,42647502.0,0.0,无产量(两源均无),0.99,OWID2024,0.0,23.213551874620933,0.005803387968655233,0.007737850624873644,0.023213551874620934,0.04642710374924187,准备工业化国家
Yemen,YEM,40583173.0,0.0,无产量(两源均无),5.25,OWID2024,0.0,129.3639607726089,0.03234099019315222,0.043121320257536296,0.1293639607726089,0.2587279215452178,准备工业化国家
Canada,CAN,39742429.0,12300.0,worldsteel2024,636.79,OWID2024,309.4929099577683,16022.926026992462,4.779463781642536,6.372618375523382,19.117855126570145,38.23571025314029,后工业化国家
Poland,POL,38539209.0,7100.0,worldsteel2024,172.12,OWID2024,184.22796378617943,4466.101003785521,1.5770951604118288,2.102793547215772,6.308380641647315,12.61676128329463,工业化中后期国家
Morocco,MAR,38081176.0,1400.0,worldsteel2024,42.4,OWID2024,36.763570536792244,1113.4109933999937,0.370261674691979,0.4936822329226387,1.481046698767916,2.962093397535832,工业化起步国家
Angola,AGO,37885854.0,285.0,BGS 2024,15.59,OWID2024,7.522596692686405,411.4992366280037,0.12168130088871694,0.16224173451828924,0.48672520355486776,0.9734504071097355,准备工业化国家
Ukraine,UKR,37860221.0,7600.0,worldsteel2024,96.9,EIA2024,200.7383950558556,2559.4145369621588,1.1416996218801785,1.522266162506905,4.566798487520714,9.133596975041428,工业化中期国家
Uzbekistan,UZB,36361859.0,1000.0,worldsteel2024,81.5,OWID2024,27.501344196950985,2241.3595520515055,0.6290932485052538,0.8387909980070051,2.5163729940210153,5.032745988042031,工业化中期国家
Malaysia,MYS,35557670.0,9000.0,worldsteel2024,198.12,OWID2024,253.10994786778772,5571.793652396234,2.025723282768528,2.700964377024704,8.102893131074111,16.205786262148223,成熟工业化国家
Mozambique,MOZ,34631767.0,0.0,无产量(两源均无),19.79,OWID2024,0.0,571.4406660220369,0.14286016650550923,0.19048022200734563,0.5714406660220369,1.1428813320440738,准备工业化国家
Ghana,GHA,34427417.0,245.0,BGS 2024,24.27,OWID2024,7.1164211941895035,704.9613974815479,0.19403140235586075,0.258708536474481,0.776125609423443,1.552251218846886,准备工业化国家
Peru,PER,34217850.0,1600.0,worldsteel2024,59.29,OWID2024,46.75922069913802,1732.7213720324335,0.5500783947559534,0.7334378596746045,2.2003135790238137,4.4006271580476275,工业化中期国家
Saudi Arabia,SAU,33962751.0,9600.0,worldsteel2024,454.64,OWID2024,282.66261469808495,13386.430327743474,4.0532641186810805,5.404352158241441,16.213056474724322,32.426112949448644,成熟工业化国家
Madagascar,MDG,31964960.0,0.0,无产量(两源均无),2.43,OWID2024,0.0,76.02074271327103,0.019005185678317757,0.025340247571090345,0.07602074271327103,0.15204148542654206,准备工业化国家
Cote d'Ivoire,CIV,31934229.0,0.0,无产量(两源均无),10.79,OWID2024,0.0,337.88196358208614,0.08447049089552154,0.11262732119402871,0.33788196358208616,0.6757639271641723,准备工业化国家
Nepal,NPL,29651054.0,0.0,无产量(两源均无),11.13,OWID2024,0.0,375.366083107872,0.093841520776968,0.12512202770262398,0.375366083107872,0.750732166215744,准备工业化国家
Cameroon,CMR,29123748.0,0.0,无产量(两源均无),7.26,OWID2024,0.0,249.28110214385867,0.06232027553596467,0.08309370071461956,0.24928110214385868,0.49856220428771736,准备工业化国家
Venezuela,VEN,28405544.0,28.8,BGS 2024,80.13,OWID2024,1.0138865849567957,2820.928196270418,0.7077667655299965,0.943689020706662,2.831067062119986,5.662134124239972,工业化中期国家
Niger,NER,27032417.0,0.0,无产量(两源均无),0.95,OWID2024,0.0,35.14299146835446,0.008785747867088614,0.011714330489451487,0.03514299146835446,0.07028598293670892,准备工业化国家
Australia,AUS,26713206.0,4700.0,worldsteel2024,281.64,OWID2024,175.94293998256893,10543.099918444832,3.07563232956763,4.100843106090174,12.30252931827052,24.60505863654104,后工业化国家
North Korea,PRK,26498832.0,350.0,BGS 2024 est (worldsteel表只到2012),27.1,OWID2024,13.208129324341542,1022.6865848275879,0.28869196951775083,0.3849226260236678,1.1547678780710033,2.3095357561420067,工业化起步国家
Syria,SYR,24672758.0,5.0,BGS 2021 est (2022+无),24.88,OWID2024,0.20265265845026323,1008.3996284485099,0.2526065387582531,0.3368087183443375,1.0104261550330125,2.020852310066025,工业化起步国家
Mali,MLI,24478597.0,0.0,无产量(两源均无),5.96,OWID2024,0.0,243.47800652137047,0.06086950163034262,0.0811593355071235,0.24347800652137047,0.48695601304274094,准备工业化国家
Burkina Faso,BFA,23548782.0,0.0,无产量(两源均无),1.69,OWID2024,0.0,71.76591978302741,0.017941479945756855,0.023921973261009137,0.07176591978302742,0.14353183956605484,准备工业化国家
Taiwan,TWN,23213964.0,19200.0,worldsteel2024,288.56,OWID2024,827.088385249499,12430.449189978928,5.17533326061848,6.900444347491305,20.70133304247392,41.40266608494784,后工业化国家
Sri Lanka,LKA,23103561.0,30.0,BGS 2024 est,17.07,OWID2024,1.2985011271639035,738.8471413562611,0.18795803815697504,0.25061071754263337,0.7518321526279002,1.5036643052558003,准备工业化国家
Malawi,MWI,21655288.0,0.0,无产量(两源均无),1.83,OWID2024,0.0,84.50591836968411,0.02112647959242103,0.02816863945656137,0.08450591836968412,0.16901183673936823,准备工业化国家
Zambia,ZMB,21314962.0,0.0,无产量(两源均无),19.72,OWID2024,0.0,925.171717406768,0.23129292935169202,0.30839057246892265,0.9251717174067681,1.8503434348135361,准备工业化国家
Kazakhstan,KAZ,20592574.0,4200.0,worldsteel2024,118.51,OWID2024,203.95701868061758,5754.987210438093,1.9486393493110672,2.5981857990814228,7.794557397244269,15.589114794488538,工业化中后期国家
Chad,TCD,20299131.0,0.0,无产量(两源均无),0.37,OWID2024,0.0,18.227381260803725,0.004556845315200931,0.006075793753601242,0.018227381260803723,0.036454762521607446,准备工业化国家
Chile,CHL,19764774.0,800.0,worldsteel2024,88.62,OWID2024,40.47605097837192,4483.73454712915,1.2221237642282174,1.6294983523042896,4.88849505691287,9.77699011382574,工业化中期国家
Romania,ROU,19015096.0,1400.0,worldsteel2024,52.72,OWID2024,73.62571295985043,2772.533990888082,0.8771977801216466,1.1695970401621953,3.5087911204865865,7.017582240973173,工业化中期国家
Somalia,SOM,19009155.0,0.0,无产量(两源均无),0.43,OWID2024,0.0,22.62067935160716,0.0056551698379017894,0.0075402264505357195,0.022620679351607158,0.045241358703214316,准备工业化国家
Senegal,SEN,18501988.0,0.0,无产量(两源均无),7.63,OWID2024,0.0,412.38811742824606,0.10309702935706151,0.13746270580941536,0.41238811742824605,0.8247762348564921,准备工业化国家
Guatemala,GTM,18406366.0,249.5,BGS 2024,15.79,OWID2024,13.555092841248511,857.8553746024609,0.2483515757537365,0.3311354343383153,0.993406303014946,1.986812606029892,准备工业化国家
Netherlands,NLD,18228740.0,6400.0,worldsteel2024,122.33,OWID2024,351.09393188997154,6710.831357515659,2.5554426691038437,3.407256892138458,10.221770676415375,20.44354135283075,后工业化国家
Ecuador,ECU,18135478.0,492.6,BGS 2024,32.66,OWID2024,27.162228643766653,1800.889946214817,0.5181280581631209,0.6908374108841612,2.0725122326524836,4.145024465304967,工业化中期国家
Cambodia,KHM,17638804.0,0.0,无产量(两源均无),15.48,OWID2024,0.0,877.6105227996184,0.2194026306999046,0.29253684093320614,0.8776105227996184,1.7552210455992368,准备工业化国家
Zimbabwe,ZWE,16634366.0,60.0,BGS 2024 est,10.26,OWID2024,3.6069904918528306,616.7953741068341,0.1632163197563406,0.2176217596751208,0.6528652790253624,1.3057305580507248,准备工业化国家
Guinea,GIN,14754779.0,0.0,无产量(两源均无),4.03,OWID2024,0.0,273.13184426550885,0.06828296106637721,0.09104394808850295,0.27313184426550885,0.5462636885310177,准备工业化国家
Benin,BEN,14462721.0,0.0,无产量(两源均无),1.01,OWID2024,0.0,69.83471505811389,0.01745867876452847,0.02327823835270463,0.06983471505811388,0.13966943011622776,准备工业化国家
Rwanda,RWA,14256573.0,0.0,无产量(两源均无),1.13,OWID2024,0.0,79.2616851188571,0.019815421279714276,0.026420561706285702,0.0792616851188571,0.1585233702377142,准备工业化国家
Burundi,BDI,14047788.0,0.0,无产量(两源均无),0.49,OWID2024,0.0,34.88093641504271,0.008720234103760677,0.011626978805014237,0.03488093641504271,0.06976187283008542,准备工业化国家
Bolivia,BOL,12413318.0,0.0,无产量(两源均无),13.53,OWID2024,0.0,1089.9583817960677,0.2724895954490169,0.36331946059868925,1.0899583817960676,2.1799167635921353,工业化起步国家
Tunisia,TUN,12277103.0,60.0,BGS 2024,21.37,OWID2024,4.88714642208345,1740.6386506653892,0.44737752872155595,0.5965033716287412,1.7895101148862238,3.5790202297724476,工业化起步国家
South Sudan,SSD,11943410.0,0.0,无产量(两源均无),0.56,OWID2024,0.0,46.88778163020444,0.011721945407551108,0.01562926054340148,0.046887781630204434,0.09377556326040887,准备工业化国家
Haiti,HTI,11772562.0,0.0,无产量(两源均无),0.86,OWID2024,0.0,73.05121858776364,0.01826280464694091,0.024350406195921215,0.07305121858776364,0.1461024371755273,准备工业化国家
Belgium,BEL,11738761.0,7100.0,worldsteel2024,76.01,OWID2024,604.8338491600604,6475.129700655802,3.1308670480641014,4.174489397418801,12.523468192256406,25.04693638451281,后工业化国家
Jordan,JOR,11552885.0,300.0,BGS 2024 est,23.67,OWID2024,25.96753970977812,2048.8388831014936,0.5771285700498188,0.769504760066425,2.308514280199275,4.61702856039855,工业化中期国家
Dominican Republic,DOM,11427558.0,60.0,BGS 2024 est,24.03,OWID2024,5.250465585035753,2102.811466806819,0.5388290306642942,0.7184387075523923,2.155316122657177,4.310632245314354,工业化中期国家
United Arab Emirates,ARE,11027135.0,3700.0,worldsteel2024,177.26,OWID2024,335.535930230291,16074.8916196274,4.857562730482577,6.476750307310104,19.43025092193031,38.86050184386062,成熟工业化国家
Cuba,CUB,10979781.0,178.7,BGS 2024,19.43,OWID2024,16.27537015537924,1769.6163520929972,0.4830925134116974,0.6441233512155966,1.9323700536467896,3.864740107293579,工业化起步国家
Honduras,HND,10825704.0,0.0,无产量(两源均无),12.48,OWID2024,0.0,1152.811863320852,0.288202965830213,0.38427062110695065,1.152811863320852,2.305623726641704,工业化起步国家
Czechia,CZE,10735857.0,2500.0,worldsteel2024,72.81,OWID2024,232.86450257301303,6781.945772936431,2.2776476996666406,3.0368635995555207,9.110590798666562,18.221181597333125,后工业化国家
Sweden,SWE,10606993.0,4000.0,worldsteel2024,172.15,OWID2024,377.10970488997214,16229.858924202175,5.000238993275475,6.666985324367299,20.0009559731019,40.0019119462038,后工业化国家
Tajikistan,TJK,10590930.0,0.0,无产量(两源均无),22.2,OWID2024,0.0,2096.1332007670712,0.5240333001917679,0.6987110669223571,2.0961332007670714,4.192266401534143,工业化中期国家
Papua New Guinea,PNG,10576509.0,0.0,无产量(两源均无),4.73,OWID2024,0.0,447.21750815888305,0.11180437703972076,0.1490725027196277,0.44721750815888306,0.8944350163177661,准备工业化国家
Portugal,PRT,10425291.0,1900.0,worldsteel2024,47.27,OWID2024,182.24910940135868,4534.166000738013,1.5891642736879,2.1188856982505335,6.3566570947516,12.7133141895032,后工业化国家
Azerbaijan,AZE,10336577.0,352.406,BGS 2024,27.84,OWID2024,34.09310451612753,2693.348097730999,0.7585697857230687,1.0114263809640915,3.0342791428922746,6.068558285784549,工业化中期国家
Greece,GRC,10047813.0,1300.0,worldsteel2024,57.08,OWID2024,129.38138876589363,5680.838208274776,1.7436630239834279,2.3248840319779043,6.9746520959337115,13.949304191867423,后工业化国家
Israel,ISR,9387015.0,300.0,BGS2024 est,80.4,OWID2024,31.959041292679302,8565.023066438052,2.221153369841211,2.961537826454949,8.884613479364845,17.76922695872969,后工业化国家
