wiki_name,annual_nom,annual_ppp,workweek,eff
Afghanistan,858.0,,40.0,2017
Albania,4637.0,10187.0,40.0,1 Jan 2026
Algeria,2132.0,6900.0,40.0,1 January 2026
Andorra,18253.0,13493.0,40.0,1 Jan 2023
Angola,663.0,1149.0,44.0,2022
Antigua and Barbuda,6317.0,7783.0,40.0,1 Nov 2014
Armenia,1787.0,5677.0,40.0,15 Nov 2022
Australia,35810.0,32519.0,38.0,1 July 2024
Austria,,,40.0,2017
Azerbaijan,2435.0,7625.0,40.0,5 Jan 2023[26]
The Bahamas,10920.0,,40.0,15 Aug 2015
Bahrain,,,48.0,2017
Bangladesh,212.0,515.0,48.0,1 Dec 2013
Barbados,10920.0,,40.0,1 June 2025
Belarus,0.0,7834.0,40.0,1 Jan 2023
Belgium,28809.0,31562.0,38.0,1 April 2024
Belize,5850.0,10757.0,45.0,22 July 2022
Benin,865.0,2447.0,40.0,1 Jan 2023
Bhutan,609.0,2138.0,40.0,1 Feb 2014
Bolivia,4703.0,12040.0,48.0,1 May 2024
Bosnia and Herzegovina,3949.0,8473.0,40.0,2022
Botswana,1933.0,4036.0,48.0,2022
Brazil,3910.0,8163.0,44.0,1 Jan 2026
Brunei,,,,2017
Bulgaria,8181.0,32558.0,40.0,1 Jan 2025
Burkina Faso,750.0,2154.0,40.0,1 Apr 2012
Burundi,,,40.0,2017
Cambodia,,,48.0,3 Oct 2023
Cameroon,785.0,2082.0,40.0,30 July 2014
Canada,24128.0,23927.0,40.0,1 June 2022
Cape Verde,1673.0,,44.0,1 Jan 2018
Central African Republic,821.0,1757.0,40.0,2011
Chad,1298.0,3232.0,39.0,18 Oct 2011
Chile,8364.0,13038.0,42.0,1 May 2025
China,3014.0,5619.0,40.0,1 Jan 2025
Colombia,5638.0,12671.0,48.0,1 Jan 2025
Comoros,1587.0,2601.0,40.0,2017
Democratic Republic of the Congo,220.0,,45.0,1 Jan 2009
Republic of the Congo,1948.0,,40.0,2017
Costa Rica,6932.0,13681.0,48.0,1 Jan 2024
Côte d'Ivoire,792.0,,40.0,2013
Croatia,1585.0,19356.0,40.0,1 Jan 2024
Cuba,44.0,669.0,48.0,2021
Cyprus,,,48.0,2017
Czech Republic,9959.0,,40.0,1 Jan 2026
Denmark,,,37.5,2017
Djibouti,,,48.0,2017
Dominica,3081.0,5340.0,40.0,1 June 2008
Dominican Republic,2613.0,6279.0,44.0,2021
Ecuador,7124.0,16136.0,40.0,1 Jan 2025
Egypt,,,42.0,1 Mar 2025
El Salvador,3650.0,7785.0,44.0,1 Jan 2018
Equatorial Guinea,2792.0,,48.0,2017
Eritrea,,,44.5,2017
Estonia,10578.0,13315.0,40.0,1 Jan 2023
Eswatini,694.0,1128.0,48.0,2011
Ethiopia,,,48.0,2017
Federated States of Micronesia,,,40.0,2015
Fiji,4823.0,11225.0,48.0,December 2024
Finland,,,40.0,2017
France,25572.0,29518.0,35.0,1 Jan 2025
Gabon,3246.0,6409.0,40.0,1 Feb 2010
The Gambia,253.0,,48.0,2017
Georgia,93.0,276.0,40.0,2017
Germany,41033.0,48262.0,48.0,1 Jan 2026
Ghana,814.0,901.0,40.0,1 Jan 2024
Greece,13738.0,20026.0,40.0,1 Apr 2025
Grenada,,,40.0,2017
Guatemala,3924.0,8838.0,48.0,1 Jan 2016
Guernsey,,,,1 Oct 2025[94]
Guinea,,,48.0,2017
Guinea-Bissau,412.0,1016.0,45.0,2017
Guyana,2015.0,4296.0,40.0,1 July 2013
Haiti,1014.0,678.0,48.0,1 Aug 2017
Honduras,4842.0,9218.0,44.0,1 Jan 2024
Hong Kong,11270.0,,40.0,1 May 2025
Hungary,9184.0,13611.0,40.0,1 Jan 2023
Iceland,,,40.0,"3 Dec 2022 (conversion rate, 1 Sep 2023)"
India,674.0,2516.0,48.0,2015
Indonesia,2449.0,6917.0,40.0,1 Feb 2020
Iran,1747.0,,44.0,20 Mar 2024
Iraq,2069.0,5495.0,40.0,2014
Ireland,37801.0,35357.0,39.0,1 Jan 2025
Isle of Man,,,,1 Oct 2019
Israel,23940.0,21152.0,42.0,1 Apr 2026
Italy,,,40.0,2019
Jamaica,4461.0,6881.0,40.0,1 Apr 2023
Japan,19388.0,20591.0,40.0,31 Mar 2026
Jersey,,,,1 Apr 2020
Jordan,5408.0,12065.0,48.0,1 Jan 2025
Kiribati,2033.0,,40.0,1 Nov 2016
North Korea,,,,2014
South Korea,20990.0,,40.0,1 Jan 2023
Kosovo,2413.0,,40.0,17 Aug 2011
Kuwait,2400.0,3930.0,48.0,14 Apr 2010
Kyrgyzstan,349.0,,40.0,1 Jan 2024
Laos,1732.0,,48.0,2014
Latvia,11070.0,16953.0,40.0,1 Jan 2023
Lebanon,5373.0,139.0,48.0,1 Apr 2024
Lesotho,956.0,2268.0,45.0,2014
Liberia,4.0,1450.0,48.0,2014
Libya,1169.0,3013.0,40.0,1 Mar 2011
Liechtenstein,,,48.0,2014
Lithuania,17343.0,26680.0,40.0,1 Jan 2025
Luxembourg,32103.0,31093.0,40.0,1 Apr 2023
Macau,9972.0,,40.0,1 Nov 2020
Madagascar,376.0,1093.0,41.0,1 Jan 2015
Malawi,266.0,342.0,48.0,1 Jan 2016
Malaysia,4348.0,12582.0,45.0,1 May 2022
Maldives,,,48.0,2014
Mali,616.0,1766.0,48.0,2014
Malta,11245.0,15578.0,40.0,1 Jan 2022
Marshall Islands,4160.0,,40.0,6 Mar 1986
Mauritania,1473.0,4429.0,40.0,2023
Mauritius,2538.0,5263.0,45.0,2019
Mexico,5020.0,8998.0,48.0,2025
Moldova,2715.0,5471.0,40.0,1 Jan 2023
Monaco,24092.0,,39.0,1 Jan 2019
Mongolia,3336.0,8049.0,40.0,1 Apr 2025
Montenegro,6387.0,12302.0,40.0,1 Jan 2022
Morocco,3997.0,9076.0,44.0,1 July 2015
Mozambique,906.0,2326.0,40.0,1 April 2024
Myanmar,691.0,,44.0,1 Sep 2015
Namibia,,,45.0,2014
Nauru,,,40.0,2014
Nepal,1986.0,6651.0,48.0,July 2025
Netherlands,36187.0,39874.0,40.0,1 Jan 2026
New Zealand,34667.0,31967.0,40.0,1 Apr 2025
Nicaragua,1506.0,3914.0,48.0,1 Mar 2024
Niger,650.0,1807.0,40.0,17 Aug 2012
Nigeria,2103.0,2641.0,40.0,1 May 2024
North Macedonia,2418.0,5627.0,40.0,1 Apr 2021
Northern Cyprus,,,40.0,1 Jan 2024
Norway,,,37.5,2014
Oman,10263.0,21445.0,45.0,1 July 2013
Pakistan,2762.0,6881.0,48.0,1 June 2026
Palau,6240.0,6478.0,40.0,1 Oct 2014
Palestine,6985.0,,45.0,2022
Panama,3819.0,7688.0,48.0,1 Jan 2018
Papua New Guinea,2086.0,2651.0,44.0,1 Aug 2014
Paraguay,4957.0,11682.0,48.0,1 July 2024
Peru,3495.0,7037.0,48.0,1 June 2022
Philippines,3405.0,8167.0,40.0,18 July 2025
Poland,14941.0,27953.0,40.0,1 Jan 2026
Portugal,11638.0,17122.0,40.0,1 Jan 2024
Qatar,,,48.0,2025
Romania,11683.0,22288.0,40.0,1 Jan 2025
Russia,4414.0,,40.0,1 Jan 2026
Rwanda,,,45.0,2013
Saint Kitts and Nevis,6933.0,,40.0,1 Nov 2014
Saint Lucia,,,40.0,2013
Saint Vincent and the Grenadines,2407.0,,40.0,1 July 2008
Samoa,1625.0,2211.0,40.0,2012
San Marino,21310.0,24481.0,37.5,1 Jan 2017
São Tomé and Príncipe,1740.0,,,2025
Saudi Arabia,12800.0,25653.0,48.0,2 Feb 2013
Senegal,686.0,1680.0,40.0,1 Jan 1996
Serbia,3610.0,6780.0,40.0,1 Jan 2022
Seychelles,3282.0,6572.0,40.0,1 Jan 2014
Sierra Leone,575.0,866347.0,40.0,1 Jan 2015
Singapore,,,44.0,2019
Slovakia,9914.0,,40.0,1 Jan 2023
Slovenia,17079.0,24359.0,40.0,1 Jan 2023
Solomon Islands,933.0,979.0,45.0,1 May 2008
Somalia,,,48.0,2013
South Africa,4786.0,9139.0,45.0,1 Mar 2026
South Sudan,,,,2011
Spain,17457.0,24282.0,40.0,1 Jan 2023
Sri Lanka,1629.0,3993.0,48.0,1 April 2025
Sudan,13.0,,40.0,2013
Suriname,5983.0,6983.0,40.0,1 April 2025
Sweden,,,40.0,2017
Switzerland,,,41.7,2014
Syria,96.0,2850.0,40.0,2013
Taiwan,11973.0,23432.0,40.0,1 Jan 2026
Tajikistan,1061.0,,40.0,1 Sep 2025
Tanzania,209.0,726.0,45.0,1 July 2013
Thailand,3733.0,11257.0,48.0,1 Jan 2023
Timor-Leste,1380.0,3097.0,44.0,22 June 2012
Togo,757.0,1923.0,40.0,1 Jan 2012
Tonga,,,40.0,2013
Trinidad and Tobago,4615.0,8123.0,40.0,1 Jan 2015
Tunisia,2000.0,5692.0,48.0,2020
Tuvalu,,,,2013
Uganda,426.0,1167.0,40.0,1 July 2017
Ukraine,3802.0,8746.0,40.0,1 Jan 2026
United Arab Emirates,,,48.0,4 April 2025
United Kingdom,36215.0,37685.0,40.0,1 Apr 2025
United States,15080.0,15080.0,40.0,1 Jan 2025
Uruguay,6136.0,8950.0,48.0,2024
Uzbekistan,1041.0,3090.0,40.0,1 June 2022
Vanuatu,3240.0,2893.0,40.0,20 Aug 2012
Venezuela,10.32,,,1 May 2020
Vietnam,2751.0,,40.0,1 Jan 2026
Yemen,,,48.0,2013
Zambia,596.0,1421.0,48.0,10 Sep 2018
Zimbabwe,,,,2012
