entity,code,pop1990,pop2000,pop2012,pop2024,is_country
Afghanistan,AFG,12045664.0,20130334.0,30560036.0,42647502.0,True
Africa,OWID_AFR,643490587.0,830226481.0,1128396676.0,1514032368.0,False
Africa (UN),UN_AFR,643775035.0,830582526.0,1128843458.0,1515140850.0,False
Albania,ALB,3277965.0,3166147.0,2910003.0,2791756.0,True
Algeria,DZA,25375815.0,30903894.0,37646165.0,46814302.0,True
American Samoa,ASM,46659.0,56877.0,54506.0,46792.0,False
Andorra,AND,52616.0,65703.0,76858.0,81955.0,False
Angola,AGO,11626361.0,16194873.0,25177398.0,37885854.0,True
Anguilla,AIA,8422.0,11196.0,13401.0,14623.0,False
Antigua and Barbuda,ATG,63087.0,74929.0,87275.0,93782.0,False
Argentina,ARG,32755907.0,37213986.0,42161718.0,45696153.0,True
Armenia,ARM,3552130.0,3125630.0,2922529.0,2973843.0,True
Aruba,ABW,64452.0,88772.0,101774.0,108076.0,False
Asia,OWID_ASI,3209094423.0,3746832777.0,4338443538.0,4805539800.0,False
Asia (UN),UN_ASI,3209882606.0,3747780310.0,4339608811.0,4806898011.0,False
Australia,AUS,17126304.0,19132472.0,22852648.0,26713206.0,True
Austria,AUT,7679627.0,8012929.0,8431599.0,9120815.0,True
Azerbaijan,AZE,7231084.0,8174784.0,9376179.0,10336577.0,True
Bahamas,BHS,275954.0,323846.0,375474.0,401282.0,True
Bahrain,BHR,514799.0,669589.0,1216307.0,1607059.0,False
Bangladesh,BGD,111633722.0,134544303.0,155070110.0,173562366.0,True
Barbados,BRB,258583.0,262071.0,276949.0,282476.0,False
Belarus,BLR,10186258.0,9991310.0,9463075.0,9056696.0,True
Belgium,BEL,9960968.0,10251719.0,11107522.0,11738761.0,True
Belize,BLZ,183090.0,240809.0,334421.0,417077.0,True
Benin,BEN,5281482.0,7221618.0,10397659.0,14462721.0,True
Bermuda,BMU,57584.0,61569.0,63665.0,64660.0,False
Bhutan,BTN,589295.0,596871.0,717288.0,791530.0,True
Bolivia,BOL,7130143.0,8606330.0,10515814.0,12413318.0,True
Bonaire Sint Eustatius and Saba,BES,12958.0,14256.0,22847.0,30699.0,False
Bosnia and Herzegovina,BIH,4448658.0,4159785.0,3670109.0,3164256.0,True
Botswana,BWA,1305699.0,1677384.0,2108617.0,2521145.0,True
Brazil,BRA,149143223.0,174018278.0,196876113.0,211998565.0,True
British Virgin Islands,VGB,15727.0,20266.0,30369.0,39498.0,False
Brunei,BRN,255307.0,326429.0,405564.0,462734.0,True
Bulgaria,BGR,8822366.0,8000519.0,7317020.0,6757686.0,True
Burkina Faso,BFA,9159358.0,11925548.0,17172284.0,23548782.0,True
Burundi,BDI,5587051.0,6470196.0,10071033.0,14047788.0,True
Cambodia,KHM,7374754.0,12462343.0,14945090.0,17638804.0,True
Cameroon,CMR,11331827.0,14912632.0,20809530.0,29123748.0,True
Canada,CAN,27789437.0,30891800.0,34922513.0,39742429.0,True
Cape Verde,CPV,375437.0,453335.0,511966.0,524878.0,False
Cayman Islands,CYM,26023.0,39699.0,57155.0,74476.0,False
Central African Republic,CAF,2871915.0,3833421.0,4610848.0,5330691.0,True
Chad,TCD,5982838.0,8512092.0,13211006.0,20299131.0,True
Chile,CHL,13437181.0,15503638.0,17519116.0,19764774.0,True
China,CHN,1153582725.0,1269581174.0,1369520866.0,1419321284.0,True
Colombia,COL,32440064.0,39089939.0,45715807.0,52886360.0,True
Comoros,COM,444601.0,536084.0,681637.0,866632.0,False
Congo,COG,2380562.0,3151349.0,4740457.0,6332969.0,True
Cook Islands,COK,17146.0,15876.0,17690.0,13750.0,False
Costa Rica,CRI,3121707.0,3937737.0,4663930.0,5129909.0,True
Cote d'Ivoire,CIV,12189780.0,17699007.0,23467083.0,31934229.0,True
Croatia,HRV,4835067.0,4326105.0,4259233.0,3875325.0,True
Cuba,CUB,10631796.0,11109112.0,11303172.0,10979781.0,True
Curacao,CUW,155750.0,145540.0,160904.0,185482.0,False
Cyprus,CYP,788355.0,947667.0,1165403.0,1358287.0,True
Czechia,CZE,10301989.0,10236809.0,10507339.0,10735857.0,True
Czechoslovakia,OWID_CZS,15570000.0,,,,False
Democratic Republic of Congo,COD,36684065.0,50507445.0,73254623.0,109276264.0,True
Denmark,DNK,5141024.0,5339659.0,5591911.0,5977417.0,True
Djibouti,DJI,579544.0,747326.0,966754.0,1168726.0,True
Dominica,DMA,69644.0,68527.0,69138.0,66226.0,False
Dominican Republic,DOM,7151165.0,8584196.0,10070409.0,11427558.0,True
East Germany,OWID_GDR,16110000.0,,,,False
East Timor,TLS,760348.0,745095.0,1134891.0,1400638.0,True
Ecuador,ECU,10473674.0,12689215.0,15572195.0,18135478.0,True
Egypt,EGY,58396625.0,73083287.0,93161000.0,116538256.0,True
El Salvador,SLV,5399728.0,5943363.0,6113977.0,6338197.0,True
Equatorial Guinea,GNQ,474289.0,703287.0,1293485.0,1892523.0,True
Eritrea,ERI,2032749.0,2247036.0,3036998.0,3535610.0,True
Estonia,EST,1570309.0,1397001.0,1322615.0,1360548.0,True
Eswatini,SWZ,872436.0,1041428.0,1123870.0,1242829.0,True
Ethiopia,ETH,47609760.0,67411496.0,95798771.0,132059770.0,True
Ethiopia (former),OWID_ERE,51190000.0,,,,False
Europe,OWID_EUR,724943715.0,729129967.0,741642607.0,746460441.0,False
Europe (UN),UN_EUR,724139398.0,728164201.0,740458840.0,745083826.0,False
European Union (27),OWID_EU27,419997519.0,427627361.0,441999248.0,450259560.0,False
Falkland Islands,FLK,2368.0,3119.0,3223.0,3492.0,True
Faroe Islands,FRO,47525.0,45687.0,48113.0,55419.0,False
Fiji,FJI,773325.0,840913.0,914920.0,928800.0,True
Finland,FIN,4986576.0,5176197.0,5413978.0,5617311.0,True
France,FRA,56990239.0,59483716.0,64058465.0,66548532.0,True
French Guiana,GUF,112699.0,160633.0,245784.0,308538.0,False
French Polynesia,PYF,203780.0,240346.0,273092.0,281816.0,False
Gabon,GAB,983740.0,1275578.0,1846893.0,2538953.0,True
Gambia,GMB,1054703.0,1455095.0,2043097.0,2759999.0,True
Georgia,GEO,5448865.0,4328361.0,3839208.0,3807668.0,True
Germany,DEU,79707963.0,81797255.0,80916391.0,84552234.0,True
Ghana,GHA,15394650.0,19637085.0,26734273.0,34427417.0,True
Gibraltar,GIB,27223.0,27734.0,32054.0,39351.0,False
Greece,GRC,10258494.0,10782638.0,11048291.0,10047813.0,True
Greenland,GRL,55650.0,56228.0,56797.0,55864.0,True
Grenada,GRD,99973.0,107466.0,112792.0,117218.0,False
Guadeloupe,GLP,388820.0,419565.0,409153.0,375113.0,False
Guam,GUM,138623.0,160078.0,166348.0,167790.0,False
Guatemala,GTM,9024775.0,11697592.0,15089639.0,18406366.0,True
Guernsey,GGY,58921.0,60295.0,61881.0,64306.0,False
Guinea,GIN,6434383.0,8428837.0,10921580.0,14754779.0,True
Guinea-Bissau,GNB,973678.0,1234747.0,1651425.0,2201360.0,True
Guyana,GUY,749891.0,764836.0,746296.0,831092.0,True
Haiti,HTI,6854444.0,8303151.0,10069770.0,11772562.0,True
High-income countries,OWID_HIC,1187956164.0,1253937735.0,1347506296.0,1420176158.0,False
Honduras,HND,4980493.0,6577781.0,8715081.0,10825704.0,True
Hong Kong,HKG,5560599.0,6704665.0,7201059.0,7414914.0,False
Hungary,HUN,10381280.0,10190598.0,9916621.0,9676135.0,True
Iceland,ISL,254842.0,281293.0,320851.0,393404.0,True
India,IND,864972221.0,1057922731.0,1278674501.0,1450935785.0,True
Indonesia,IDN,183501097.0,216077789.0,252698525.0,283487933.0,True
Iran,IRN,58380098.0,66418661.0,79370583.0,91567737.0,True
Iraq,IRQ,17581208.0,24424060.0,33654843.0,46042015.0,True
Ireland,IRL,3514015.0,3802589.0,4600135.0,5255016.0,True
Isle of Man,IMN,68943.0,75679.0,84354.0,84182.0,False
Israel,ISR,4544995.0,6111194.0,7607781.0,9387015.0,True
Italy,ITA,57031457.0,57272200.0,60531522.0,59342870.0,True
Jamaica,JAM,2379880.0,2607827.0,2772432.0,2839182.0,True
Japan,JPN,123399767.0,127027794.0,127928283.0,123753041.0,True
Jersey,JEY,84210.0,87853.0,98927.0,103857.0,False
Jordan,JOR,3621915.0,5386945.0,7587133.0,11552885.0,True
Kazakhstan,KAZ,17154060.0,15501108.0,17306115.0,20592574.0,True
Kenya,KEN,22892655.0,30642893.0,43888306.0,56432946.0,True
Kiribati,KIR,74872.0,88632.0,112293.0,134521.0,False
Kosovo,OWID_KOS,1973789.0,1802488.0,1806538.0,1684796.0,False
Kuwait,KWT,1684833.0,1954713.0,3337025.0,4934508.0,True
Kyrgyzstan,KGZ,4459545.0,5025150.0,5696521.0,7186014.0,True
Laos,LAO,4311960.0,5431213.0,6518981.0,7769823.0,True
Latin America and the Caribbean (UN),UN_LAC,441884652.0,521323343.0,601576915.0,663466076.0,False
Latvia,LVA,2660131.0,2368320.0,2034639.0,1871874.0,True
Lebanon,LBN,3595175.0,4329345.0,5235742.0,5805962.0,True
Lesotho,LSO,1809698.0,2003919.0,2034363.0,2337428.0,True
Liberia,LBR,2223667.0,2928117.0,4373046.0,5612813.0,True
Libya,LBY,4445243.0,5305020.0,6179327.0,7381029.0,True
Liechtenstein,LIE,28912.0,33137.0,36621.0,39895.0,False
Lithuania,LTU,3695016.0,3500410.0,2988334.0,2859112.0,True
Low-income countries,OWID_LIC,288949572.0,384939764.0,542351002.0,747152720.0,False
Lower-middle-income countries,OWID_LMC,1586970750.0,1974655348.0,2455038495.0,2907550149.0,False
Luxembourg,LUX,381707.0,436142.0,530951.0,673042.0,True
Macao,MAC,351123.0,437316.0,587450.0,720270.0,False
Madagascar,MDG,12055649.0,16516336.0,23462444.0,31964960.0,True
Malawi,MWI,9545860.0,11315947.0,15709577.0,21655288.0,True
Malaysia,MYS,17833179.0,22967817.0,29662835.0,35557670.0,True
Maldives,MDV,224772.0,282025.0,386821.0,527801.0,False
Mali,MLI,9178826.0,11559291.0,16957039.0,24478597.0,True
Malta,MLT,367913.0,399905.0,426616.0,539612.0,False
Marshall Islands,MHL,44648.0,50721.0,51438.0,37572.0,False
Martinique,MTQ,370999.0,421388.0,391741.0,343201.0,False
Mauritania,MRT,1951881.0,2613450.0,3619035.0,5169403.0,True
Mauritius,MUS,1089033.0,1216632.0,1289174.0,1271171.0,False
Mayotte,MYT,89606.0,156511.0,219008.0,326512.0,False
Mexico,MEX,82820170.0,98625553.0,116818208.0,130861001.0,True
Micronesia (country),FSM,100904.0,112067.0,107908.0,113171.0,False
Moldova,MDA,4451150.0,4234969.0,3482629.0,3034967.0,True
Monaco,MCO,30382.0,32477.0,34738.0,38657.0,False
Mongolia,MNG,2164578.0,2455182.0,2795463.0,3475541.0,True
Montenegro,MNE,620507.0,634198.0,633546.0,638481.0,True
Montserrat,MSR,10700.0,5053.0,4822.0,4414.0,False
Morocco,MAR,24375558.0,28423439.0,33355246.0,38081176.0,True
Mozambique,MOZ,13094535.0,18129652.0,24337849.0,34631767.0,True
Myanmar,MMR,39817253.0,45290850.0,49837451.0,54500086.0,True
Namibia,NAM,1369309.0,1818650.0,2194656.0,3030127.0,True
Nauru,NRU,9645.0,10187.0,10289.0,11968.0,False
Nepal,NPL,19524579.0,24546509.0,27534916.0,29651054.0,True
Netherlands,NLD,15030886.0,16058757.0,16915191.0,18228740.0,True
Netherlands Antilles,ANT,188047.0,178219.0,,,False
New Caledonia,NCL,176468.0,223110.0,271640.0,292655.0,True
New Zealand,NZL,3396981.0,3857576.0,4411682.0,5213942.0,True
Nicaragua,NIC,4162566.0,5022636.0,5901290.0,6916136.0,True
Niger,NER,8286066.0,11509634.0,17836770.0,27032417.0,True
Nigeria,NGA,97120926.0,126382490.0,176200627.0,232679482.0,True
Niue,NIU,2506.0,2068.0,1784.0,1841.0,False
North America,OWID_NAM,427527970.0,485805117.0,555486393.0,613150315.0,False
North Korea,PRK,21112134.0,23665909.0,25211737.0,26498832.0,True
North Macedonia,MKD,2063690.0,2057254.0,2027288.0,1823011.0,True
Northern America (UN),UN_NAM,281282375.0,312499985.0,352164286.0,385295102.0,False
Northern Mariana Islands,MNP,43364.0,68374.0,53251.0,44299.0,False
Norway,NOR,4241440.0,4490864.0,5018453.0,5576656.0,True
Oceania,OWID_OCE,26839397.0,31352968.0,38550537.0,46089066.0,False
Oceania (UN),UN_OCE,26839030.0,31352628.0,38550173.0,46088715.0,False
Oman,OMN,1763957.0,2282139.0,3547104.0,5281542.0,True
Pakistan,PAK,116155584.0,154879124.0,207667129.0,251269160.0,True
Palau,PLW,15282.0,19206.0,17791.0,17719.0,False
Palestine,PSE,2139065.0,3151800.0,4215318.0,5495447.0,True
Panama,PAN,2455588.0,3010376.0,3759261.0,4515576.0,True
Papua New Guinea,PNG,3896482.0,5537068.0,8081396.0,10576509.0,True
Paraguay,PRY,4035752.0,5100875.0,5897011.0,6929152.0,True
Peru,PER,22014772.0,26598328.0,29550367.0,34217850.0,True
Philippines,PHL,62854668.0,79625401.0,100175511.0,115843663.0,True
Poland,POL,38055448.0,38258077.0,38247867.0,38539209.0,True
Portugal,PRT,9989526.0,10283196.0,10513155.0,10425291.0,True
Puerto Rico,PRI,3541046.0,3809868.0,3646423.0,3242212.0,True
Qatar,QAT,440184.0,644993.0,1907122.0,3048429.0,True
Reunion,REU,652573.0,763148.0,845062.0,878595.0,False
Romania,ROU,22939530.0,22046264.0,20158451.0,19015096.0,True
Russia,RUS,148979537.0,146717784.0,144291025.0,144820421.0,True
Rwanda,RWA,7375313.0,8213936.0,10829904.0,14256573.0,True
Saint Barthelemy,BLM,5269.0,7103.0,9227.0,11282.0,False
Saint Helena,SHN,6639.0,6045.0,5428.0,5262.0,False
Saint Kitts and Nevis,KNA,40456.0,45272.0,47056.0,46867.0,False
Saint Lucia,LCA,137874.0,158624.0,172595.0,179751.0,False
Saint Martin (French part),MAF,28251.0,30020.0,37299.0,26155.0,False
Saint Pierre and Miquelon,SPM,6377.0,6317.0,6019.0,5652.0,False
Saint Vincent and the Grenadines,VCT,111825.0,113561.0,108753.0,100630.0,False
Samoa,WSM,169061.0,181695.0,196518.0,218031.0,False
San Marino,SMR,23501.0,26823.0,33494.0,33606.0,False
Sao Tome and Principe,STP,122993.0,144029.0,189452.0,235548.0,False
Saudi Arabia,SAU,10640697.0,16177733.0,27062447.0,33962751.0,True
Senegal,SEN,7720524.0,9968262.0,13310499.0,18501988.0,True
Serbia,SRB,7874595.0,7694608.0,7324624.0,6736217.0,True
Serbia and Montenegro,OWID_SRM,10005087.0,9975028.0,,,False
Seychelles,SYC,74000.0,83339.0,99565.0,130436.0,False
Sierra Leone,SLE,4196834.0,4423615.0,6551078.0,8642029.0,True
Singapore,SGP,3039593.0,4035251.0,5293345.0,5832387.0,False
Sint Maarten (Dutch part),SXM,28079.0,30796.0,35040.0,43372.0,False
Slovakia,SVK,5266077.0,5380001.0,5404877.0,5506759.0,True
Slovenia,SVN,1998010.0,1986817.0,2053322.0,2118692.0,True
Solomon Islands,SLB,331448.0,440481.0,573623.0,819206.0,True
Somalia,SOM,7082816.0,8838714.0,12461163.0,19009155.0,True
South Africa,ZAF,40746274.0,47159715.0,53782570.0,64007187.0,True
South America,OWID_SAM,295639583.0,348018743.0,398255319.0,435611337.0,False
South Korea,KOR,44081425.0,46766660.0,49599580.0,51717587.0,True
South Sudan,SSD,4737637.0,6032274.0,10756245.0,11943410.0,True
Spain,ESP,39084975.0,41019772.0,47018323.0,47910533.0,True
Sri Lanka,LKA,16352460.0,19293056.0,21169461.0,23103561.0,True
Sudan,SDN,22021484.0,27816748.0,36923175.0,50448960.0,True
Suriname,SUR,412500.0,476647.0,562640.0,634438.0,True
Svalbard and Jan Mayen,SJM,843.0,2420.0,2400.0,,False
Sweden,SWE,8558571.0,8872099.0,9519477.0,10606993.0,True
Switzerland,CHE,6713168.0,7184003.0,7998927.0,8921979.0,True
Syria,SYR,12579212.0,16637884.0,22759763.0,24672758.0,True
Taiwan,TWN,20594907.0,22332873.0,23345963.0,23213964.0,True
Tajikistan,TJK,5398773.0,6284737.0,8014087.0,10590930.0,True
Tanzania,TZA,26110210.0,34260142.0,47374261.0,68560162.0,True
Thailand,THA,54738329.0,63007815.0,69436091.0,71668010.0,True
Togo,TGO,3714023.0,4783721.0,6653719.0,8406554.0,True
Tokelau,TKL,1785.0,1866.0,1681.0,2528.0,False
Tonga,TON,99717.0,102695.0,107476.0,104192.0,False
Trinidad and Tobago,TTO,1252215.0,1319781.0,1403814.0,1507778.0,True
Tunisia,TUN,8324509.0,9764940.0,11009649.0,12277103.0,True
Turkey,TUR,56015627.0,65425957.0,75197196.0,87473800.0,True
Turkmenistan,TKM,3760561.0,4582675.0,5808548.0,7494494.0,True
Turks and Caicos Islands,TCA,11708.0,18754.0,32152.0,46563.0,False
Tuvalu,TUV,8821.0,9566.0,10960.0,9669.0,False
USSR,OWID_USS,291066478.0,,,,False
Uganda,UGA,17569895.0,24000158.0,34337436.0,50015091.0,True
Ukraine,UKR,52054096.0,49556654.0,46210051.0,37860221.0,True
United Arab Emirates,ARE,1898220.0,3493583.0,7497122.0,11027135.0,True
United Kingdom,GBR,57367867.0,59057333.0,63960488.0,69138185.0,True
United States,USA,253373387.0,281484126.0,317115349.0,345426566.0,True
United States Virgin Islands,VIR,102318.0,108591.0,104307.0,84919.0,False
Upper-middle-income countries,OWID_UMC,2261820039.0,2555702780.0,2853513937.0,3083525260.0,False
Uruguay,URY,3104404.0,3266212.0,3335406.0,3386583.0,True
Uzbekistan,UZB,20464963.0,24787052.0,29261908.0,36361859.0,True
Vanuatu,VUT,148073.0,186290.0,248894.0,327786.0,True
Vatican,VAT,736.0,701.0,612.0,507.0,False
Venezuela,VEN,19827005.0,24526707.0,29553829.0,28405544.0,True
Vietnam,VNM,65504551.0,77154016.0,89510355.0,100987685.0,True
Wallis and Futuna,WLF,13503.0,14804.0,12709.0,11303.0,False
West Germany,OWID_GFR,63250000.0,,,,False
Western Sahara,ESH,179553.0,271946.0,441033.0,590515.0,True
World,OWID_WRL,5327803106.0,6171702992.0,7201202478.0,8161972574.0,False
Yemen,YEM,13887863.0,19624139.0,28433655.0,40583173.0,True
Yemen Arab Republic,OWID_YAR,9632000.0,,,,False
Yemen People's Republic,OWID_YPR,2681000.0,,,,False
Yugoslavia,OWID_YGS,22720000.0,,,,False
Zambia,ZMB,7786163.0,10017633.0,14913631.0,21314962.0,True
Zimbabwe,ZWE,10137287.0,11892055.0,13817887.0,16634366.0,True
