page,name,1993,1994,1995,1996,1997,1998,1999,2000,2001,2002
13,Austria,4149.0,4399.0,4990.0,4442.0,5181.0,5282.0,5202.0,5707.0,5869.0,6189.0
13,Belgium,10172.0,11331.0,11606.0,10818.0,10739.0,11425.0,10931.0,11636.0,10762.0,11343.0
13,Denmark,603.0,722.0,654.0,739.0,786.0,790.0,729.0,801.0,751.0,392.0
13,Finland,3256.0,3420.0,3176.0,3301.0,3734.0,3952.0,3956.0,4096.0,3938.0,4003.0
13,France,17106.0,18031.0,18100.0,17633.0,19767.0,20126.0,20200.0,20954.0,19343.0,20258.0
13,F.R. Germany,37625.0,40837.0,42051.0,39793.0,45007.0,44046.0,42062.0,46376.0,44803.0,45015.0
13,Greece,980.0,848.0,939.0,848.0,1016.0,1109.0,951.0,1088.0,1281.0,1840.0
13,Ireland,326.0,266.0,310.0,341.0,337.0,358.0,335.0,360.0,150.0,
13,Italy,25721.0,26151.0,27766.0,23910.0,25842.0,25714.0,24878.0,26759.0,26545.0,26066.0
13,Luxembourg,3293.0,3073.0,2613.0,2502.0,2580.0,2477.0,2600.0,2571.0,2725.0,2719.0
13,Netherlands,6000.0,6171.0,6409.0,6326.0,6641.0,6377.0,6075.0,5666.0,6037.0,6117.0
13,Portugal,775.0,749.0,828.0,857.0,905.0,936.0,1044.0,1088.0,728.0,920.0
13,Spain,12961.0,13445.0,13802.0,12154.0,13683.0,14827.0,14882.0,15874.0,16504.0,16408.0
13,Sweden,4591.0,4967.0,4953.0,4910.0,5148.0,5153.0,5066.0,5227.0,5518.0,5754.0
13,United Kingdom,16625.0,17286.0,17604.0,17992.0,18501.0,17315.0,16298.0,15155.0,13543.0,11665.0
13,European Union (15),144183.0,151696.0,155800.0,146565.0,159867.0,159888.0,155209.0,163358.0,158497.0,158689.0
13,Albania,19.0,19.0,22.0,23.0,22.0,22.0,16.0,5.0,5.0,
13,Bosnia-Herzegovina,,,,52.0,72.0,75.0,60.0,77.0,84.0,70.0
13,Bulgaria,1941.0,2491.0,2724.0,2457.0,2628.0,2242.0,1889.0,2022.0,1972.0,1860.0
13,Croatia,74.0,63.0,45.0,46.0,69.0,101.0,74.0,71.0,58.0,34.0
13,Czech Republic,6769.0,7085.0,7184.0,6509.0,6750.0,6498.0,5616.0,6216.0,6316.0,6512.0
13,Hungary,1753.0,1938.0,1861.0,1872.0,1690.0,1816.0,1813.0,1871.0,1956.0,2052.0
13,Macedonia,137.0,67.0,33.0,2.0,19.0,45.0,45.0,161.0,260.0,260.0
13,Norway,505.0,456.0,505.0,511.0,585.0,637.0,610.0,679.0,640.0,698.0
13,Poland,9939.0,11113.0,11890.0,10432.0,11585.0,9915.0,8848.0,10498.0,8809.0,8368.0
13,Romania,5446.0,5800.0,6555.0,6082.0,6674.0,6393.0,4354.0,4672.0,4935.0,5493.0
13,Slovak Republic,3922.0,3948.0,3975.0,3602.0,3835.0,3428.0,3569.0,3733.0,3989.0,4275.0
13,Slovenia,355.0,424.0,394.0,314.0,373.0,405.0,405.0,519.0,462.0,481.0
13,Switzerland,1254.0,1098.0,739.0,700.0,789.0,800.0,800.0,1000.0,1000.0,1000.0
13,Turkey,11519.0,12624.0,13183.0,13624.0,14475.0,14144.0,14313.0,14325.0,14981.0,16467.0
13,F.R. Yugoslavia,181.0,139.0,182.0,689.0,1025.0,980.0,230.0,696.0,595.0,591.0
13,Other Europe,43815.0,47266.0,49291.0,46914.0,50590.0,47501.0,42642.0,46545.0,46062.0,48161.0
13,Byelorussia,946.0,880.0,744.0,886.0,1219.0,1412.0,1448.0,1502.0,1486.0,1484.0
13,Armenia,0.0,0.0,,,,,,,,
13,Azerbaijan,236.0,40.0,20.0,20.0,25.0,8.0,,,,
13,Georgia,215.0,141.0,84.0,83.0,104.0,56.0,7.0,,,
13,Kazakhstan,4279.0,2969.0,3028.0,3216.0,3889.0,3121.0,4099.0,4769.0,4655.0,4814.0
13,Moldova,604.0,633.0,663.0,646.0,811.0,735.0,796.0,908.0,967.0,514.0
13,Russia,58346.0,48812.0,51589.0,49253.0,48502.0,43822.0,51510.0,59136.0,58970.0,59777.0
13,Ukraine,32609.0,24081.0,22309.0,22332.0,25629.0,24445.0,27453.0,31767.0,33108.0,34050.0
13,Uzbekistan,573.0,364.0,367.0,444.0,379.0,351.0,344.0,407.0,433.0,450.0
13,C.I.S.,97809.0,77921.0,78804.0,76880.0,80558.0,73950.0,85657.0,98489.0,99619.0,101089.0
13,Estonia,,3.0,2.0,3.0,3.0,2.0,1.0,1.0,1.0,1.0
13,Latvia,300.0,332.0,279.0,293.0,465.0,469.0,482.0,498.0,515.0,520.0
13,Lithuania,2.0,1.0,,,,,,,,
13,Baltic States,302.0,336.0,281.0,296.0,468.0,471.0,483.0,499.0,516.0,521.0
13,former U.S.S.R.,98111.0,78257.0,79085.0,77176.0,81026.0,74421.0,86140.0,98988.0,100135.0,101610.0
13,10 - Steel Statistical Yearbook,2003.0,,,,,,,,,
14,Canada,14387.0,13897.0,14415.0,14735.0,15553.0,15930.0,16235.0,16594.0,15276.0,16002.0
14,Cuba,91.0,131.0,207.0,231.0,342.0,283.0,303.0,336.0,270.0,268.0
14,Dominican Republic,,,,42.0,82.0,36.0,43.0,36.0,,
14,El Salvador,36.0,24.0,28.0,41.0,45.0,43.0,34.0,41.0,39.0,49.0
14,Guatemala,18.0,,,,,,,,,
14,Mexico,9199.0,10260.0,12147.0,13172.0,14218.0,14213.0,15299.0,15586.0,13300.0,14051.0
14,Trinidad and Tobago,519.0,631.0,738.0,695.0,736.0,777.0,729.0,741.0,668.0,817.0
14,United States,88793.0,91244.0,95191.0,95535.0,98485.0,98658.0,97427.0,101803.0,90104.0,91587.0
14,North America,113043.0,116187.0,122726.0,124451.0,129462.0,129940.0,130069.0,135137.0,119657.0,122774.0
14,Argentina,2886.0,3289.0,3581.0,4075.0,4169.0,4216.0,3799.0,4474.0,4107.0,4356.0
14,Brazil,25207.0,25747.0,25076.0,25237.0,26153.0,25760.0,24996.0,27865.0,26717.0,29604.0
14,Chile,1069.0,1040.0,1014.0,1178.0,1167.0,1171.0,1291.0,1352.0,1247.0,1280.0
14,Colombia,687.0,693.0,714.0,695.0,734.0,636.0,534.0,660.0,638.0,663.0
14,Ecuador,27.0,32.0,35.0,20.0,44.0,46.0,53.0,65.0,60.0,67.0
14,Paraguay,77.0,87.0,95.0,96.0,66.0,56.0,56.0,77.0,71.0,80.0
14,Peru,417.0,509.0,512.0,578.0,607.0,631.0,559.0,749.0,690.0,611.0
14,Uruguay,36.0,36.0,40.0,34.0,39.0,52.0,45.0,38.0,31.0,34.0
14,Venezuela,3392.0,3524.0,3568.0,3956.0,3987.0,3553.0,3261.0,3835.0,3813.0,4164.0
14,South America,33798.0,34958.0,34634.0,35870.0,36966.0,36121.0,34594.0,39115.0,37373.0,40858.0
14,Algeria,865.0,807.0,827.0,651.0,399.0,600.0,758.0,842.0,1000.0,1091.0
14,Angola (e),9.0,9.0,9.0,9.0,9.0,9.0,9.0,9.0,,
14,Egypt,2772.0,2622.0,2642.0,2618.0,2717.0,2870.0,2627.0,2838.0,3799.0,4316.0
14,Ghana,19.0,20.0,25.0,26.0,25.0,25.0,25.0,25.0,25.0,25.0
14,Kenya,20.0,20.0,20.0,20.0,20.0,20.0,20.0,20.0,20.0,20.0
14,Libya,920.0,874.0,909.0,863.0,897.0,874.0,966.0,1055.0,846.0,886.0
14,Mauritania,7.0,7.0,5.0,5.0,5.0,5.0,5.0,5.0,5.0,5.0
14,Morocco,7.0,7.0,7.0,5.0,5.0,5.0,5.0,5.0,5.0,5.0
14,Nigeria,191.0,58.0,36.0,12.0,15.0,,,,,
14,South Africa,8726.0,8525.0,8741.0,7999.0,8311.0,7956.0,7857.0,8481.0,8821.0,9095.0
14,Tunisia,183.0,184.0,201.0,187.0,195.0,171.0,231.0,229.0,239.0,200.0
14,Uganda (e),30.0,30.0,30.0,30.0,30.0,30.0,30.0,30.0,30.0,30.0
14,Zaire (e),30.0,30.0,30.0,30.0,30.0,30.0,30.0,30.0,30.0,30.0
14,Zimbabwe,221.0,154.0,220.0,212.0,214.0,212.0,255.0,258.0,149.0,105.0
14,Africa,14000.0,13347.0,13701.0,12667.0,12871.0,12806.0,12818.0,13827.0,14969.0,15807.0
14,Iran,3672.0,4498.0,4696.0,5415.0,6322.0,5602.0,6070.0,6600.0,6916.0,7321.0
14,Israel,120.0,180.0,220.0,265.0,270.0,280.0,280.0,280.0,280.0,280.0
14,Jordan,30.0,30.0,30.0,30.0,30.0,30.0,30.0,30.0,30.0,134.0
14,Qatar,620.0,572.0,606.0,616.0,608.0,637.0,629.0,729.0,891.0,1027.0
14,Saudi Arabia,2318.0,2411.0,2451.0,2683.0,2539.0,2356.0,2610.0,2981.0,3413.0,3570.0
14,Syria,70.0,70.0,70.0,70.0,70.0,70.0,70.0,70.0,70.0,70.0
14,United Arab Emirates,45.0,45.0,60.0,90.0,90.0,90.0,90.0,90.0,90.0,90.0
14,Middle East,6874.0,7805.0,8132.0,9169.0,9929.0,9065.0,9779.0,10780.0,11690.0,12492.0
15,Bangladesh,32.0,34.0,36.0,37.0,40.0,40.0,,,,
15,China,89539.0,92613.0,95360.0,101237.0,108911.0,114588.0,123954.0,127236.0,150866.0,181682.0
15,Hong Kong (e),150.0,150.0,150.0,100.0,,,,,,
15,India,18155.0,19282.0,22003.0,23753.0,24415.0,23480.0,24296.0,26924.0,27291.0,28814.0
15,Indonesia,3802.0,3220.0,4130.0,4109.0,3816.0,2699.0,2891.0,2848.0,2781.0,2462.0
15,Japan,99623.0,98295.0,101640.0,98801.0,104545.0,93548.0,94192.0,106444.0,102866.0,107745.0
15,D.P.R. Korea (e),3500.0,1600.0,600.0,600.0,600.0,300.0,300.0,300.0,300.0,300.0
15,South Korea,33026.0,33745.0,36772.0,38903.0,42554.0,39896.0,41042.0,43107.0,43852.0,45390.0
15,Malaysia,1807.0,2046.0,2450.0,3216.0,2962.0,1903.0,2770.0,3650.0,4100.0,4722.0
15,Myanmar (e),25.0,25.0,25.0,25.0,25.0,25.0,25.0,25.0,25.0,25.0
15,Pakistan,992.0,1000.0,950.0,900.0,900.0,900.0,900.0,950.0,1100.0,970.0
15,Philippines,623.0,473.0,923.0,920.0,980.0,880.0,530.0,426.0,426.0,400.0
15,Singapore,520.0,530.0,521.0,531.0,383.0,499.0,590.0,603.0,456.0,460.0
15,Sri Lanka (e),30.0,30.0,30.0,30.0,30.0,30.0,30.0,30.0,30.0,30.0
15,Chinese Taipei,11970.0,11594.0,11605.0,12350.0,16056.0,16965.0,15438.0,16896.0,17261.0,18230.0
15,Thailand,954.0,1461.0,2134.0,2143.0,2101.0,1814.0,1532.0,2100.0,2127.0,2538.0
15,Viet Nam,270.0,301.0,271.0,311.0,314.0,306.0,308.0,306.0,319.0,409.0
15,Asia,265017.0,266398.0,279599.0,287966.0,308633.0,297873.0,308799.0,331845.0,353799.0,394176.0
15,Australia,7853.0,8424.0,8460.0,8415.0,8831.0,8941.0,8172.0,7129.0,7033.0,7527.0
15,New Zealand,853.0,768.0,842.0,808.0,758.0,756.0,775.0,702.0,826.0,765.0
15,Oceania,8706.0,9192.0,9302.0,9223.0,9589.0,9697.0,8946.0,7832.0,7859.0,8292.0
15,World,727547.0,725107.0,752271.0,750001.0,798932.0,777311.0,788995.0,847426.0,850040.0,902859.0
15,12 - Steel Statistical Yearbook,2003.0,,,,,,,,,
